faceoffWinPct,gamesPlayed,goalsAgainst,goalsAgainstPerGame,goalsFor,goalsForPerGame,losses,otLosses,penaltyKillNetPct,penaltyKillPct,pointPct,points,powerPlayNetPct,powerPlayPct,regulationAndOtWins,seasonId,shotsAgainstPerGame,shotsForPerGame,teamFullName,teamId,teamShutouts,ties,wins,winsInRegulation,winsInShootout,season
0.512164,82,197,2.40243,298,3.63414,16,11,0.8547,0.846154,0.7378,121,0.121673,0.171102,51,20252026,26.13414,33.7317,Colorado Avalanche,21,8,,55,48,4,2025-2026
0.501205,82,236,2.87804,291,3.54878,22,7,0.857142,0.805195,0.68902,113,0.232365,0.248962,48,20252026,23.92682,32.15853,Carolina Hurricanes,12,3,,53,39,5,2025-2026
0.515944,82,222,2.70731,273,3.32926,20,12,0.819277,0.803213,0.68292,112,0.258064,0.28629,44,20252026,26.15853,25.29268,Dallas Stars,25,5,,50,38,6,2025-2026
0.458991,82,240,2.92682,283,3.45121,23,9,0.866379,0.818966,0.66463,109,0.170731,0.195121,45,20252026,29.06097,28.12195,Buffalo Sabres,7,5,,50,42,5,2025-2026
0.473892,82,229,2.79268,286,3.4878,26,6,0.848837,0.825582,0.64634,106,0.182926,0.207317,46,20252026,26.69512,28.10975,Tampa Bay Lightning,14,2,,50,40,4,2025-2026
0.509786,82,251,3.06097,279,3.40243,24,10,0.814516,0.782259,0.64634,106,0.214876,0.231404,44,20252026,27.82926,26.29268,Montréal Canadiens,8,1,,48,34,4,2025-2026
0.466382,82,235,2.86585,268,3.26829,24,12,0.830985,0.798123,0.63414,104,0.236434,0.251937,42,20252026,29.40243,29.18292,Minnesota Wild,30,8,,46,31,4,2025-2026
0.530607,82,247,3.01219,268,3.26829,27,10,0.776978,0.769785,0.60975,100,0.195744,0.234042,41,20252026,29.69512,27.02439,Boston Bruins,6,3,,45,33,4,2025-2026
0.545119,82,245,2.9878,275,3.35365,27,11,0.791489,0.757447,0.60365,99,0.21673,0.239543,41,20252026,24.40243,28.91463,Ottawa Senators,9,4,,44,38,3,2025-2026
0.494852,82,239,2.91463,240,2.92682,27,12,0.804081,0.775511,0.59756,98,0.119148,0.157446,33,20252026,25.45121,25.46341,Philadelphia Flyers,4,0,,43,27,10,2025-2026
0.482095,82,258,3.14634,290,3.53658,25,16,0.839662,0.814346,0.59756,98,0.189655,0.241379,38,20252026,27.36585,28.57317,Pittsburgh Penguins,5,4,,41,34,3,2025-2026
0.493212,82,238,2.90243,261,3.18292,30,9,0.816733,0.800797,0.57926,95,0.13278,0.178423,41,20252026,28.13414,28.04878,Washington Capitals,15,5,,43,37,2,2025-2026
0.509544,82,242,2.95121,264,3.21951,26,17,0.843137,0.813726,0.57926,95,0.220338,0.245762,38,20252026,24.39024,28.9878,Vegas Golden Knights,54,3,,39,30,1,2025-2026
0.526014,82,265,3.2317,282,3.43902,30,11,0.805429,0.778281,0.56707,93,0.274774,0.306306,41,20252026,26.70731,29.7439,Edmonton Oilers,22,5,,41,32,0,2025-2026
0.492474,82,240,2.92682,268,3.26829,33,6,0.813765,0.781377,0.56097,92,0.186956,0.2,43,20252026,26.14634,27.70731,Utah Mammoth,68,3,,43,33,0,2025-2026
0.479983,82,288,3.51219,265,3.2317,33,6,0.794573,0.763566,0.56097,92,0.162878,0.185606,35,20252026,28.36585,30.80487,Anaheim Ducks,24,0,,43,26,8,2025-2026
0.510032,82,254,3.09756,239,2.91463,31,10,0.785714,0.771429,0.56097,92,0.205645,0.225806,39,20252026,27.7439,28.2439,Detroit Red Wings,17,5,,41,30,2,2025-2026
0.50568,82,251,3.06097,246,3.0,30,12,0.782805,0.760181,0.56097,92,0.164179,0.189054,33,20252026,28.84146,29.39024,Columbus Blue Jackets,29,3,,40,28,7,2025-2026
0.526467,82,236,2.87804,229,2.79268,34,5,0.850467,0.808412,0.55487,91,0.128099,0.165289,39,20252026,27.69512,28.17073,New York Islanders,2,9,,43,29,4,2025-2026
0.497544,82,238,2.90243,220,2.68292,27,20,0.775,0.745834,0.54878,90,0.138392,0.169642,30,20252026,27.17073,28.01219,Los Angeles Kings,26,6,,35,22,5,2025-2026
0.505188,82,253,3.08536,226,2.75609,37,3,0.826923,0.79327,0.53048,87,0.2,0.219512,38,20252026,27.36585,29.58536,New Jersey Devils,1,2,,42,29,4,2025-2026
0.47811,82,290,3.53658,249,3.03658,35,8,0.776422,0.764228,0.52439,86,0.180392,0.211764,37,20252026,29.64634,25.75609,San Jose Sharks,28,0,,39,27,2,2025-2026
0.504733,82,267,3.25609,242,2.95121,34,10,0.849593,0.817074,0.52439,86,0.222689,0.231092,33,20252026,29.62195,27.86585,Nashville Predators,18,1,,38,28,5,2025-2026
0.493662,82,254,3.09756,230,2.80487,33,12,0.793721,0.766817,0.52439,86,0.157407,0.175925,36,20252026,27.70731,25.32926,St. Louis Blues,19,7,,37,33,1,2025-2026
0.467549,82,274,3.34146,246,3.0,38,4,0.831501,0.809524,0.51219,84,0.169172,0.195488,35,20252026,26.79268,27.9878,Florida Panthers,13,4,,40,32,5,2025-2026
0.511055,82,256,3.12195,229,2.79268,35,12,0.802631,0.776316,0.5,82,0.162995,0.185022,33,20252026,27.76829,26.36585,Winnipeg Jets,52,0,,35,28,2,2025-2026
0.477162,82,257,3.13414,224,2.7317,37,11,0.731481,0.722223,0.4817,79,0.163636,0.195454,32,20252026,29.45121,25.58536,Seattle Kraken,55,2,,34,26,2,2025-2026
0.541766,82,295,3.59756,252,3.07317,36,14,0.838427,0.812228,0.4756,78,0.177664,0.213197,31,20252026,32.43902,26.32926,Toronto Maple Leafs,10,3,,32,23,1,2025-2026
0.493174,82,256,3.12195,208,2.53658,39,9,0.848979,0.804082,0.46951,77,0.144104,0.161572,30,20252026,29.91463,28.10975,Calgary Flames,20,2,,34,27,4,2025-2026
0.545151,82,249,3.03658,235,2.86585,39,9,0.823293,0.799197,0.46951,77,0.204651,0.246511,31,20252026,28.82926,25.19512,New York Rangers,3,3,,34,25,3,2025-2026
0.460129,82,270,3.29268,210,2.56097,39,14,0.861344,0.836135,0.43902,72,0.156779,0.169491,26,20252026,29.96341,24.58536,Chicago Blackhawks,16,5,,29,22,3,2025-2026
0.493092,82,314,3.82926,210,2.56097,49,8,0.754385,0.714913,0.35365,58,0.192307,0.217948,19,20252026,29.81707,25.96341,Vancouver Canucks,23,2,,25,15,6,2025-2026
0.493291,82,190,2.31707,275,3.35365,22,4,0.81407,0.79397,0.70731,116,0.270642,0.28899,54,20242025,27.18292,28.21951,Winnipeg Jets,52,10,,56,43,2,2024-2025
0.501848,82,229,2.79268,286,3.4878,22,9,0.853556,0.820084,0.67682,111,0.203619,0.235294,49,20242025,27.18292,27.62195,Washington Capitals,15,3,,51,43,2,2024-2025
0.504107,82,214,2.60975,274,3.34146,22,10,0.792899,0.757397,0.67073,110,0.267379,0.283422,49,20242025,26.10975,30.26829,Vegas Golden Knights,54,6,,50,46,1,2024-2025
0.537442,82,229,2.79268,267,3.25609,26,4,0.804255,0.778724,0.65853,108,0.215596,0.247706,51,20242025,29.32926,28.01219,Toronto Maple Leafs,10,5,,52,41,1,2024-2025
0.521353,82,222,2.70731,275,3.35365,26,6,0.855263,0.820176,0.64634,106,0.204,0.22,48,20242025,29.04878,28.35365,Dallas Stars,25,4,,50,41,2,2024-2025
0.506218,82,203,2.4756,249,3.03658,25,9,0.831223,0.814346,0.64024,105,0.149758,0.178743,47,20242025,25.5,28.08536,Los Angeles Kings,26,6,,48,43,1,2024-2025
0.470775,82,231,2.81707,273,3.32926,29,4,0.822115,0.798077,0.62195,102,0.217948,0.247863,45,20242025,25.92682,29.89024,Colorado Avalanche,21,5,,49,40,4,2024-2025
0.500841,82,216,2.63414,292,3.56097,27,8,0.868932,0.815534,0.62195,102,0.202586,0.25862,45,20242025,28.18292,28.54878,Tampa Bay Lightning,14,7,,47,41,2,2024-2025
0.509074,82,235,2.86585,259,3.15853,29,5,0.805825,0.781554,0.61585,101,0.218604,0.237209,48,20242025,26.96341,31.9756,Edmonton Oilers,22,4,,48,36,0,2024-2025
0.527134,82,230,2.80487,266,3.2439,30,5,0.877049,0.836066,0.60365,99,0.166666,0.186991,47,20242025,24.92682,31.68292,Carolina Hurricanes,12,5,,47,42,0,2024-2025
0.493886,82,223,2.71951,246,3.0,31,4,0.856557,0.807378,0.59756,98,0.193277,0.235294,41,20242025,26.19512,31.57317,Florida Panthers,13,8,,47,37,6,2024-2025
0.530777,82,232,2.82926,242,2.95121,30,7,0.816593,0.777293,0.59146,97,0.226765,0.237918,44,20242025,28.60975,29.30487,Ottawa Senators,9,10,,45,35,1,2024-2025
0.46701,82,236,2.87804,225,2.7439,30,7,0.743842,0.724138,0.59146,97,0.18932,0.208737,42,20242025,29.60975,27.59756,Minnesota Wild,30,6,,45,33,3,2024-2025
0.515607,82,231,2.81707,250,3.04878,30,8,0.763157,0.742106,0.58536,96,0.194871,0.220512,40,20242025,27.26829,26.65853,St. Louis Blues,19,4,,44,32,4,2024-2025
0.462442,82,236,2.87804,220,2.68292,27,14,0.792035,0.761062,0.58536,96,0.184549,0.2103,36,20242025,28.92682,29.43902,Calgary Flames,20,5,,41,31,5,2024-2025
0.498233,82,220,2.68292,240,2.92682,33,7,0.857777,0.826667,0.55487,91,0.263888,0.282407,40,20242025,26.35365,28.09756,New Jersey Devils,1,9,,42,36,2,2024-2025
0.507995,82,261,3.18292,243,2.96341,31,11,0.844357,0.809339,0.55487,91,0.175213,0.200854,38,20242025,29.04878,25.56097,Montréal Canadiens,8,5,,40,30,2,2024-2025
0.488603,82,251,3.06097,233,2.84146,30,14,0.84375,0.825893,0.54878,90,0.193693,0.225225,35,20242025,26.80487,25.53658,Vancouver Canucks,23,5,,38,28,3,2024-2025
0.477787,82,267,3.25609,267,3.25609,33,9,0.811059,0.769586,0.54268,89,0.156756,0.194594,34,20242025,29.91463,29.04878,Columbus Blue Jackets,29,4,,40,30,6,2024-2025
0.515686,82,247,3.01219,240,2.92682,31,13,0.808764,0.792829,0.54268,89,0.207627,0.241525,37,20242025,27.70731,28.54878,Utah Hockey Club,59,2,,38,30,1,2024-2025
0.489738,82,259,3.15853,235,2.86585,35,8,0.711956,0.701087,0.52439,86,0.240506,0.270042,36,20242025,28.4878,27.42682,Detroit Red Wings,17,4,,39,30,3,2024-2025
0.535706,82,255,3.10975,255,3.10975,36,7,0.878661,0.803348,0.51829,85,0.142857,0.17619,38,20242025,29.89024,28.58536,New York Rangers,3,9,,39,35,1,2024-2025
0.549049,82,257,3.13414,222,2.70731,35,12,0.772222,0.722223,0.5,82,0.086956,0.125603,33,20242025,28.7317,29.4878,New York Islanders,2,4,,35,28,2,2024-2025
0.446417,82,261,3.18292,217,2.64634,37,10,0.754032,0.741936,0.4878,80,0.090497,0.117647,31,20242025,32.29268,27.68292,Anaheim Ducks,24,1,,35,24,4,2024-2025
0.527669,82,287,3.5,242,2.95121,36,12,0.800925,0.777778,0.4878,80,0.235294,0.257918,33,20242025,30.13414,28.34146,Pittsburgh Penguins,5,3,,34,24,1,2024-2025
0.478296,82,287,3.5,265,3.2317,39,7,0.804979,0.763486,0.4817,79,0.152838,0.187772,32,20242025,28.87804,27.78048,Buffalo Sabres,7,3,,36,29,4,2024-2025
0.485609,82,262,3.19512,245,2.9878,41,6,0.787564,0.772021,0.46341,76,0.171806,0.189427,33,20242025,28.56097,27.35365,Seattle Kraken,55,2,,35,28,2,2024-2025
0.516932,82,271,3.30487,222,2.70731,39,10,0.788135,0.762712,0.46341,76,0.095652,0.152173,33,20242025,28.60975,26.51219,Boston Bruins,6,7,,33,26,0,2024-2025
0.499223,82,283,3.45121,232,2.82926,39,10,0.796019,0.77612,0.46341,76,0.102803,0.149532,27,20242025,26.95121,26.96341,Philadelphia Flyers,4,3,,33,21,6,2024-2025
0.512694,82,274,3.34146,212,2.58536,44,8,0.81893,0.814815,0.41463,68,0.197368,0.219298,28,20242025,28.56097,29.30487,Nashville Predators,18,4,,30,24,2,2024-2025
0.44756,82,292,3.56097,224,2.7317,46,11,0.819383,0.792952,0.37195,61,0.21164,0.248677,23,20242025,31.10975,24.45121,Chicago Blackhawks,16,0,,25,20,2,2024-2025
0.480641,82,310,3.78048,208,2.53658,50,12,0.761718,0.742188,0.31707,52,0.150442,0.18584,18,20242025,31.78048,26.86585,San Jose Sharks,28,1,,20,14,2,2024-2025
0.522617,82,226,2.75609,278,3.39024,23,4,0.87931,0.844828,0.69512,114,0.239837,0.264227,51,20232024,29.4878,31.4878,New York Rangers,3,6,,55,43,4,2023-2024
0.540144,82,232,2.82926,294,3.58536,21,9,0.870292,0.820084,0.68902,113,0.225,0.241666,48,20232024,28.65853,31.56097,Dallas Stars,25,4,,52,40,4,2023-2024
0.525654,82,211,2.57317,277,3.37804,23,7,0.906976,0.864342,0.67682,111,0.236947,0.269076,50,20232024,25.62195,33.32926,Carolina Hurricanes,12,8,,52,44,2,2023-2024
0.512679,82,198,2.41463,265,3.2317,24,6,0.852233,0.824743,0.67073,110,0.201492,0.235074,49,20232024,27.79268,33.70731,Florida Panthers,13,8,,52,42,3,2023-2024
0.475866,82,198,2.41463,259,3.15853,24,6,0.784753,0.771301,0.67073,110,0.166666,0.1875,52,20232024,29.62195,30.34146,Winnipeg Jets,52,8,,52,46,0,2023-2024
0.521312,82,221,2.69512,279,3.40243,23,9,0.818897,0.791339,0.66463,109,0.199218,0.226562,50,20232024,28.57317,28.39024,Vancouver Canucks,23,7,,50,44,0,2023-2024
0.495045,82,221,2.69512,263,3.20731,20,15,0.850746,0.824627,0.66463,109,0.19753,0.222222,43,20232024,30.53658,29.25609,Boston Bruins,6,5,,47,36,4,2023-2024
0.47944,82,252,3.07317,302,3.68292,25,7,0.825757,0.799243,0.65243,107,0.223021,0.244604,48,20232024,29.80487,32.9878,Colorado Avalanche,21,4,,50,42,2,2023-2024
0.532288,82,236,2.87804,292,3.56097,27,6,0.821705,0.794574,0.63414,104,0.242798,0.263374,47,20232024,28.13414,33.75609,Edmonton Oilers,22,4,,49,39,2,2023-2024
0.534512,82,261,3.18292,298,3.63414,26,10,0.794117,0.768908,0.62195,102,0.20168,0.239495,41,20232024,29.82926,32.57317,Toronto Maple Leafs,10,5,,46,33,5,2023-2024
0.503536,82,248,3.02439,266,3.2439,30,5,0.79757,0.769231,0.60365,99,0.197026,0.215613,44,20232024,30.57317,32.21951,Nashville Predators,18,4,,47,38,3,2023-2024
0.505976,82,210,2.56097,254,3.09756,27,11,0.889328,0.84585,0.60365,99,0.19758,0.225806,42,20232024,28.0,31.90243,Los Angeles Kings,26,7,,44,37,2,2023-2024
0.501952,82,243,2.96341,263,3.20731,29,8,0.83568,0.793428,0.59756,98,0.170634,0.20238,41,20232024,30.32926,31.07317,Vegas Golden Knights,54,3,,45,34,4,2023-2024
0.517539,82,267,3.25609,288,3.51219,29,8,0.8547,0.833334,0.59756,98,0.262096,0.28629,42,20232024,29.63414,29.28048,Tampa Bay Lightning,14,4,,45,37,3,2023-2024
0.51265,82,258,3.14634,245,2.9878,27,16,0.76018,0.714933,0.57317,94,0.190476,0.203463,38,20232024,32.75609,30.12195,New York Islanders,2,5,,39,29,1,2023-2024
0.499003,82,248,3.02439,234,2.85365,33,6,0.84186,0.790698,0.56097,92,0.152,0.18,38,20232024,32.14634,28.90243,St. Louis Blues,19,4,,43,31,5,2023-2024
0.505829,82,273,3.32926,275,3.35365,32,9,0.825,0.795834,0.55487,91,0.194139,0.230769,38,20232024,32.40243,28.96341,Detroit Red Wings,17,4,,41,27,3,2023-2024
0.466535,82,252,3.07317,216,2.63414,31,11,0.802575,0.7897,0.55487,91,0.18421,0.20614,36,20232024,30.52439,26.4878,Washington Capitals,15,7,,40,32,4,2023-2024
0.546383,82,248,3.02439,253,3.08536,32,12,0.82716,0.806585,0.53658,88,0.10687,0.152671,36,20232024,30.2317,32.7439,Pittsburgh Penguins,5,8,,38,32,2,2023-2024
0.473127,82,260,3.17073,248,3.02439,34,9,0.756653,0.745248,0.53048,87,0.186813,0.227106,36,20232024,29.71951,30.13414,Minnesota Wild,30,6,,39,32,3,2023-2024
0.496789,82,258,3.14634,231,2.81707,33,11,0.900414,0.834025,0.53048,87,0.106299,0.122047,34,20232024,27.13414,33.02439,Philadelphia Flyers,4,5,,38,30,4,2023-2024
0.450241,82,243,2.96341,244,2.9756,37,6,0.82716,0.798354,0.51219,84,0.121076,0.165919,37,20232024,29.29268,30.90243,Buffalo Sabres,7,5,,39,33,2,2023-2024
0.496267,82,267,3.25609,253,3.08536,39,5,0.853061,0.808164,0.4939,81,0.13492,0.178571,38,20232024,29.7317,31.36585,Calgary Flames,20,2,,38,32,0,2023-2024
0.535349,82,281,3.42682,264,3.21951,39,5,0.81893,0.806585,0.4939,81,0.187755,0.224489,38,20232024,29.9756,30.68292,New Jersey Devils,1,1,,38,33,0,2023-2024
0.475171,82,232,2.82926,214,2.60975,35,13,0.815315,0.788289,0.4939,81,0.169421,0.206611,31,20232024,29.15853,28.62195,Seattle Kraken,55,5,,34,28,3,2023-2024
0.509871,82,281,3.42682,250,3.04878,41,4,0.779591,0.751021,0.4756,78,0.15901,0.180212,32,20232024,29.65853,31.7317,Ottawa Senators,9,2,,37,25,5,2023-2024
0.450821,82,274,3.34146,254,3.09756,41,5,0.789473,0.763158,0.46951,77,0.190871,0.219917,34,20232024,31.68292,27.71951,Arizona Coyotes,53,7,,36,28,2,2023-2024
0.514563,82,281,3.42682,232,2.82926,36,16,0.789855,0.764493,0.46341,76,0.126984,0.174603,26,20232024,33.39024,27.67073,Montréal Canadiens,8,2,,30,20,4,2023-2024
0.472216,82,298,3.63414,234,2.85365,43,12,0.783898,0.762712,0.40243,66,0.122641,0.150943,24,20232024,34.41463,29.9756,Columbus Blue Jackets,29,1,,27,21,3,2023-2024
0.466475,82,293,3.57317,203,2.4756,50,5,0.760606,0.724243,0.35975,59,0.157446,0.178723,26,20232024,32.51219,26.75609,Anaheim Ducks,24,1,,27,21,1,2023-2024
0.462608,82,289,3.52439,178,2.17073,53,6,0.770562,0.757576,0.31707,52,0.131914,0.165957,22,20232024,32.69512,26.25609,Chicago Blackhawks,16,1,,23,17,1,2023-2024
0.490405,82,326,3.9756,180,2.19512,54,9,0.765873,0.753969,0.28658,47,0.163461,0.201923,18,20232024,35.13414,25.2317,San Jose Sharks,28,2,,19,14,1,2023-2024
0.544854,82,174,2.12195,301,3.67073,12,5,0.90106,0.872792,0.82317,135,0.193548,0.222222,61,20222023,29.84146,32.96341,Boston Bruins,6,7,,65,54,4,2022-2023
0.528568,82,210,2.56097,262,3.19512,21,9,0.886718,0.84375,0.68902,113,0.173913,0.197628,48,20222023,26.0,34.78048,Carolina Hurricanes,12,9,,52,39,4,2022-2023
0.512613,82,222,2.70731,289,3.52439,22,8,0.865217,0.826087,0.68292,112,0.183035,0.21875,50,20222023,28.2317,34.40243,New Jersey Devils,1,4,,52,39,2,2022-2023
0.522547,82,225,2.7439,267,3.25609,22,9,0.825641,0.774359,0.67682,111,0.183574,0.202898,46,20222023,30.89024,31.54878,Vegas Golden Knights,54,3,,51,38,5,2022-2023
0.530917,82,220,2.68292,278,3.39024,21,11,0.850806,0.818549,0.67682,111,0.227642,0.260162,49,20222023,29.51219,32.04878,Toronto Maple Leafs,10,5,,50,42,1,2022-2023
0.46708,82,223,2.71951,274,3.34146,24,7,0.814516,0.790323,0.66463,109,0.226053,0.24521,45,20222023,30.96341,33.25609,Colorado Avalanche,21,6,,51,36,6,2022-2023
0.508183,82,256,3.12195,325,3.96341,23,9,0.834532,0.769785,0.66463,109,0.298181,0.323636,50,20222023,31.36585,33.58536,Edmonton Oilers,22,2,,50,45,0,2022-2023
0.547534,82,215,2.62195,281,3.42682,21,14,0.876033,0.834711,0.65853,108,0.230468,0.25,43,20222023,29.90243,31.91463,Dallas Stars,25,6,,47,39,4,2022-2023
0.490672,82,216,2.63414,273,3.32926,22,13,0.847533,0.81166,0.65243,107,0.220408,0.240816,43,20222023,29.32926,31.4878,New York Rangers,3,4,,47,37,4,2022-2023
0.533245,82,254,3.09756,274,3.34146,25,10,0.784386,0.758365,0.63414,104,0.21933,0.252788,41,20222023,27.91463,32.41463,Los Angeles Kings,26,3,,47,37,6,2022-2023
0.476825,82,219,2.67073,239,2.91463,25,11,0.875,0.820313,0.62804,103,0.20238,0.214285,39,20222023,31.12195,30.91463,Minnesota Wild,30,5,,46,34,7,2022-2023
0.453156,82,252,3.07317,289,3.52439,28,8,0.792372,0.76695,0.60975,100,0.160493,0.19753,46,20222023,27.01219,30.45121,Seattle Kraken,55,3,,46,37,0,2022-2023
0.516375,82,252,3.07317,280,3.41463,30,6,0.823754,0.796935,0.59756,98,0.214285,0.253571,43,20222023,31.4878,31.96341,Tampa Bay Lightning,14,6,,46,38,3,2022-2023
0.489356,82,224,2.7317,246,3.0,33,3,0.853556,0.824268,0.57926,95,0.17037,0.192592,45,20222023,30.32926,30.31707,Winnipeg Jets,52,4,,46,36,1,2022-2023
0.517256,82,217,2.64634,242,2.95121,31,9,0.849315,0.821918,0.56707,93,0.126126,0.157657,41,20222023,31.02439,30.78048,New York Islanders,2,8,,42,36,1,2022-2023
0.503481,82,247,3.01219,258,3.14634,27,17,0.855555,0.825926,0.56707,93,0.174603,0.198412,36,20222023,27.31707,35.95121,Calgary Flames,20,1,,38,31,2,2022-2023
0.522261,82,236,2.87804,223,2.71951,32,8,0.847272,0.825455,0.56097,92,0.152,0.176,36,20222023,33.28048,29.5,Nashville Predators,18,2,,42,29,6,2022-2023
0.489062,82,272,3.31707,288,3.51219,32,8,0.780068,0.759451,0.56097,92,0.195652,0.22826,40,20222023,31.7439,36.81707,Florida Panthers,13,3,,42,36,2,2022-2023
0.451186,82,297,3.62195,293,3.57317,33,7,0.769911,0.730089,0.55487,91,0.208178,0.2342,39,20222023,33.04878,32.5,Buffalo Sabres,7,2,,42,30,3,2022-2023
0.52064,82,263,3.20731,261,3.18292,31,11,0.809885,0.790875,0.55487,91,0.2,0.217241,39,20222023,32.76829,34.36585,Pittsburgh Penguins,5,2,,40,31,1,2022-2023
0.514472,82,270,3.29268,259,3.15853,35,8,0.831081,0.800676,0.52439,86,0.199346,0.235294,37,20222023,31.36585,33.4878,Ottawa Senators,9,3,,39,31,2,2022-2023
0.494883,82,296,3.60975,270,3.29268,37,7,0.777777,0.71605,0.50609,83,0.175824,0.227106,32,20222023,30.81707,29.7317,Vancouver Canucks,23,1,,38,24,6,2022-2023
0.484889,82,298,3.63414,260,3.17073,38,7,0.75576,0.723503,0.4939,81,0.134453,0.193277,34,20222023,32.34146,28.54878,St. Louis Blues,19,4,,37,27,3,2022-2023
0.491293,82,275,3.35365,237,2.89024,37,10,0.803212,0.783133,0.4878,80,0.166666,0.211111,32,20222023,30.43902,28.19512,Detroit Red Wings,17,4,,35,28,3,2022-2023
0.495408,82,261,3.18292,253,3.08536,37,10,0.836283,0.818585,0.4878,80,0.179591,0.212244,33,20222023,31.07317,31.08536,Washington Capitals,15,5,,35,27,2,2022-2023
0.457323,82,276,3.36585,220,2.68292,38,13,0.793991,0.746782,0.45731,75,0.115555,0.155555,29,20222023,31.52439,29.46341,Philadelphia Flyers,4,3,,31,26,2,2022-2023
0.458899,82,295,3.59756,225,2.7439,40,14,0.761755,0.746082,0.42682,70,0.163865,0.189075,25,20222023,35.04878,25.84146,Arizona Coyotes,53,4,,28,20,3,2022-2023
0.484794,82,305,3.71951,227,2.76829,45,6,0.756363,0.727273,0.41463,68,0.148305,0.161016,26,20222023,33.57317,27.28048,Montréal Canadiens,8,1,,31,21,5,2022-2023
0.509872,82,315,3.84146,233,2.84146,44,16,0.840163,0.823771,0.36585,60,0.12556,0.183856,21,20222023,32.19512,29.45121,San Jose Sharks,28,4,,22,16,1,2022-2023
0.526963,82,299,3.64634,202,2.46341,49,7,0.792207,0.761905,0.35975,59,0.120689,0.163793,24,20222023,33.63414,26.95121,Chicago Blackhawks,16,2,,26,18,2,2022-2023
0.486339,82,329,4.01219,213,2.59756,48,9,0.772151,0.751055,0.35975,59,0.142857,0.183035,24,20222023,35.41463,29.25609,Columbus Blue Jackets,29,0,,25,15,1,2022-2023
0.467368,82,335,4.08536,206,2.51219,47,12,0.725,0.721429,0.35365,58,0.126637,0.157205,20,20222023,39.10975,28.36585,Anaheim Ducks,24,1,,23,13,3,2022-2023
0.48235,82,242,2.95121,337,4.10975,18,6,0.841698,0.795367,0.7439,122,0.21374,0.244274,55,20212022,30.67073,37.34146,Florida Panthers,13,5,,58,42,3,2021-2022
0.472749,82,232,2.82926,308,3.75609,19,7,0.822033,0.796611,0.7256,119,0.222222,0.240143,52,20212022,32.01219,35.04878,Colorado Avalanche,21,7,,56,46,4,2021-2022
0.539048,82,200,2.43902,277,3.37804,20,8,0.894927,0.880435,0.70731,116,0.206896,0.219827,53,20212022,28.17073,34.12195,Carolina Hurricanes,12,6,,54,47,1,2021-2022
0.550543,82,252,3.07317,312,3.80487,21,7,0.876068,0.820513,0.70121,115,0.255411,0.272727,51,20212022,30.62195,34.57317,Toronto Maple Leafs,10,7,,54,45,3,2021-2022
0.476427,82,249,3.03658,305,3.71951,22,7,0.768939,0.761364,0.68902,113,0.186046,0.205426,48,20212022,31.42682,32.51219,Minnesota Wild,30,3,,53,37,5,2021-2022
0.51086,82,206,2.51219,291,3.54878,21,11,0.86,0.832,0.67682,111,0.216101,0.228813,48,20212022,28.95121,35.46341,Calgary Flames,20,11,,50,44,2,2021-2022
0.480643,82,204,2.4878,250,3.04878,24,6,0.858407,0.823009,0.67073,110,0.243119,0.252293,48,20212022,30.82926,29.17073,New York Rangers,3,9,,52,44,4,2021-2022
0.501177,82,228,2.78048,285,3.4756,23,8,0.833333,0.805556,0.67073,110,0.220077,0.239382,49,20212022,29.76829,30.91463,Tampa Bay Lightning,14,3,,51,39,2,2021-2022
0.502435,82,239,2.91463,309,3.76829,22,11,0.881818,0.84091,0.66463,109,0.248962,0.269709,47,20212022,31.59756,30.39024,St. Louis Blues,19,4,,49,43,2,2021-2022
0.541803,82,218,2.65853,253,3.08536,26,5,0.832061,0.812978,0.65243,107,0.18644,0.211864,49,20212022,28.70731,36.12195,Boston Bruins,6,4,,51,40,2,2021-2022
0.512744,82,251,3.06097,285,3.4756,27,6,0.837301,0.793651,0.63414,104,0.234042,0.259574,44,20212022,32.28048,34.02439,Edmonton Oilers,22,4,,49,38,5,2021-2022
0.511366,82,222,2.70731,269,3.28048,25,11,0.85849,0.84434,0.62804,103,0.169354,0.201612,43,20212022,31.41463,34.7439,Pittsburgh Penguins,5,7,,46,37,3,2021-2022
0.470999,82,242,2.95121,270,3.29268,26,12,0.84,0.804445,0.60975,100,0.152343,0.1875,39,20212022,29.0,31.42682,Washington Capitals,15,8,,44,35,5,2021-2022
0.521924,82,232,2.82926,235,2.86585,27,11,0.814977,0.76652,0.60365,99,0.125,0.16129,40,20212022,28.54878,34.93902,Los Angeles Kings,26,5,,44,35,4,2021-2022
0.548212,82,244,2.9756,233,2.84146,30,6,0.821917,0.789955,0.59756,98,0.203319,0.224066,41,20212022,31.03658,30.31707,Dallas Stars,25,2,,46,31,5,2021-2022
0.512425,82,250,3.04878,262,3.19512,30,7,0.799295,0.792254,0.59146,97,0.224806,0.244186,41,20212022,32.26829,29.7439,Nashville Predators,18,4,,45,35,4,2021-2022
0.493277,82,244,2.9756,262,3.19512,31,8,0.822115,0.774039,0.57317,94,0.150943,0.183962,39,20212022,29.9756,34.51219,Vegas Golden Knights,54,3,,43,34,4,2021-2022
0.519567,82,231,2.81707,246,3.0,30,12,0.770562,0.748918,0.56097,92,0.210526,0.234817,37,20212022,31.85365,31.9756,Vancouver Canucks,23,1,,40,32,3,2021-2022
0.507402,82,253,3.08536,250,3.04878,32,11,0.788793,0.75,0.54268,89,0.178137,0.210526,37,20212022,33.18292,32.25609,Winnipeg Jets,52,5,,39,32,2,2021-2022
0.513127,82,231,2.81707,229,2.79268,35,10,0.865116,0.841861,0.51219,84,0.1875,0.221153,35,20212022,32.54878,28.86585,New York Islanders,2,9,,37,34,2,2021-2022
0.484744,82,297,3.62195,258,3.14634,38,7,0.815126,0.785715,0.4939,81,0.15909,0.186363,33,20212022,35.20731,30.03658,Columbus Blue Jackets,29,2,,37,26,4,2021-2022
0.496061,82,261,3.18292,211,2.57317,37,13,0.869955,0.852018,0.46951,77,0.138888,0.189814,29,20212022,31.9756,29.26829,San Jose Sharks,28,3,,32,22,3,2021-2022
0.482039,82,266,3.2439,228,2.78048,37,14,0.834821,0.808036,0.46341,76,0.200913,0.219178,27,20212022,33.2317,29.18292,Anaheim Ducks,24,4,,31,22,4,2021-2022
0.459936,82,287,3.5,229,2.79268,39,11,0.792452,0.764151,0.45731,75,0.184684,0.211711,29,20212022,32.95121,29.89024,Buffalo Sabres,7,1,,32,25,3,2021-2022
0.493629,82,310,3.78048,227,2.76829,40,10,0.755555,0.737778,0.45121,74,0.118942,0.162995,29,20212022,33.67073,29.43902,Detroit Red Wings,17,4,,32,21,3,2021-2022
0.479238,82,264,3.21951,224,2.7317,42,7,0.839357,0.803213,0.44512,73,0.176954,0.193415,30,20212022,33.41463,30.03658,Ottawa Senators,9,2,,33,26,3,2021-2022
0.496394,82,289,3.52439,213,2.59756,42,12,0.7713,0.762332,0.41463,68,0.167346,0.191836,22,20212022,32.96341,28.80487,Chicago Blackhawks,16,4,,28,16,6,2021-2022
0.468472,82,302,3.68292,245,2.9878,46,9,0.830188,0.801887,0.38414,63,0.093333,0.155555,24,20212022,30.9756,31.2439,New Jersey Devils,1,2,,27,19,3,2021-2022
0.521405,82,294,3.58536,210,2.56097,46,11,0.782978,0.757447,0.37195,61,0.079497,0.125523,24,20212022,33.96341,30.96341,Philadelphia Flyers,4,1,,25,20,1,2021-2022
0.476654,82,284,3.46341,213,2.59756,49,6,0.784753,0.748879,0.36585,60,0.113636,0.145454,24,20212022,28.86585,29.02439,Seattle Kraken,55,3,,27,23,3,2021-2022
0.472608,82,309,3.76829,206,2.51219,50,7,0.761718,0.75,0.34756,57,0.118811,0.138613,24,20212022,35.4878,25.86585,Arizona Coyotes,53,1,,25,18,1,2021-2022
0.491841,82,317,3.86585,218,2.65853,49,11,0.777372,0.755475,0.33536,55,0.088709,0.137096,19,20212022,34.42682,29.78048,Montréal Canadiens,8,3,,22,16,3,2021-2022
0.495164,56,122,2.17857,190,3.39285,14,2,0.895833,0.868056,0.73214,82,0.166666,0.17816,39,20202021,27.26785,32.66071,Vegas Golden Knights,54,7,,40,30,1,2020-2021
0.516228,56,132,2.35714,197,3.51785,13,4,0.836158,0.830509,0.73214,82,0.21256,0.227053,39,20202021,25.41071,34.58928,Colorado Avalanche,21,8,,39,35,0,2020-2021
0.538686,56,134,2.39285,175,3.125,12,8,0.892045,0.852273,0.71428,80,0.219512,0.256097,32,20202021,28.23214,32.03571,Carolina Hurricanes,12,6,,36,27,4,2020-2021
0.501801,56,151,2.69642,188,3.35714,14,5,0.821428,0.79762,0.70535,79,0.18421,0.205263,36,20202021,30.03571,34.89285,Florida Panthers,13,3,,37,26,1,2020-2021
0.492948,56,155,2.76785,193,3.44642,16,3,0.812903,0.774194,0.6875,77,0.210526,0.236842,34,20202021,29.98214,30.07142,Pittsburgh Penguins,5,5,,37,29,3,2020-2021
0.492022,56,161,2.875,188,3.35714,15,5,0.851851,0.839507,0.6875,77,0.196078,0.248366,33,20202021,28.78571,29.41071,Washington Capitals,15,4,,36,29,3,2020-2021
0.510902,56,148,2.64285,186,3.32142,14,7,0.805555,0.784723,0.6875,77,0.154838,0.2,34,20202021,27.82142,31.26785,Toronto Maple Leafs,10,3,,35,29,1,2020-2021
0.501119,56,145,2.58928,180,3.21428,17,3,0.857923,0.841531,0.66964,75,0.205555,0.222222,35,20202021,28.26785,30.21428,Tampa Bay Lightning,14,6,,36,29,1,2020-2021
0.465194,56,159,2.83928,180,3.21428,16,5,0.819875,0.807454,0.66964,75,0.157575,0.175757,34,20202021,30.44642,28.30357,Minnesota Wild,30,4,,35,27,1,2020-2021
0.55254,56,134,2.39285,164,2.92857,16,7,0.910112,0.859551,0.65178,73,0.18125,0.21875,29,20202021,27.07142,33.32142,Boston Bruins,6,6,,33,25,4,2020-2021
0.504198,56,154,2.75,183,3.26785,19,2,0.837662,0.824676,0.64285,72,0.252873,0.275862,35,20202021,30.66071,29.89285,Edmonton Oilers,22,3,,35,31,0,2020-2021
0.513717,56,125,2.23214,152,2.71428,17,7,0.866666,0.837038,0.63392,71,0.1875,0.1875,28,20202021,28.39285,28.98214,New York Islanders,2,10,,32,24,4,2020-2021
0.516989,56,154,2.75,151,2.69642,23,2,0.790697,0.755814,0.57142,64,0.163522,0.1761,26,20202021,31.30357,29.98214,Nashville Predators,18,5,,31,21,5,2020-2021
0.504565,56,152,2.71428,170,3.03571,23,3,0.825503,0.80537,0.5625,63,0.21118,0.229813,30,20202021,30.58928,29.66071,Winnipeg Jets,52,5,,30,24,0,2020-2021
0.533227,56,167,2.98214,167,2.98214,20,9,0.812865,0.777778,0.5625,63,0.225806,0.232258,25,20202021,29.82142,28.96428,St. Louis Blues,19,1,,27,19,2,2020-2021
0.444811,56,155,2.76785,176,3.14285,23,6,0.869822,0.822486,0.53571,60,0.184357,0.206703,26,20202021,29.71428,28.69642,New York Rangers,3,5,,27,24,1,2020-2021
0.518334,56,148,2.64285,156,2.78571,19,14,0.810457,0.79085,0.53571,60,0.210191,0.235668,21,20202021,27.10714,30.33928,Dallas Stars,25,4,,23,17,2,2020-2021
0.483943,56,165,2.94642,158,2.82142,21,11,0.837209,0.784884,0.52678,59,0.178807,0.192052,23,20202021,28.19642,31.17857,Montréal Canadiens,8,1,,24,20,1,2020-2021
0.540254,56,197,3.51785,160,2.85714,23,8,0.736526,0.730539,0.51785,58,0.155688,0.191616,22,20202021,29.21428,30.21428,Philadelphia Flyers,4,3,,25,17,3,2020-2021
0.499513,56,160,2.85714,155,2.76785,27,3,0.813953,0.802326,0.49107,55,0.142857,0.182857,25,20202021,28.16071,30.16071,Calgary Flames,20,4,,26,22,1,2020-2021
0.463446,56,184,3.28571,159,2.83928,25,7,0.788079,0.768212,0.49107,55,0.177142,0.217142,22,20202021,33.71428,29.19642,Chicago Blackhawks,16,4,,24,15,2,2020-2021
0.490669,56,174,3.10714,150,2.67857,26,6,0.820359,0.808384,0.48214,54,0.185393,0.207865,21,20202021,30.46428,27.46428,Arizona Coyotes,53,4,,24,19,3,2020-2021
0.47387,56,189,3.375,155,2.76785,28,5,0.830409,0.789474,0.45535,51,0.126436,0.155172,21,20202021,32.125,29.69642,Ottawa Senators,9,2,,23,18,2,2020-2021
0.523402,56,187,3.33928,148,2.64285,29,4,0.830601,0.797815,0.44642,50,0.148387,0.174193,20,20202021,33.39285,29.08928,Vancouver Canucks,23,1,,23,17,3,2020-2021
0.484157,56,196,3.5,146,2.60714,28,7,0.831521,0.804348,0.4375,49,0.115384,0.141025,16,20202021,31.98214,30.03571,San Jose Sharks,28,2,,21,15,5,2020-2021
0.506205,56,169,3.01785,142,2.53571,28,7,0.855345,0.836478,0.4375,49,0.171597,0.189349,20,20202021,31.17857,28.33928,Los Angeles Kings,26,2,,21,19,1,2020-2021
0.500822,56,168,3.0,125,2.23214,27,10,0.787096,0.787097,0.42857,48,0.087248,0.114093,17,20202021,31.89285,27.28571,Detroit Red Wings,17,2,,19,16,2,2020-2021
0.453119,56,184,3.28571,134,2.39285,26,12,0.834586,0.789474,0.42857,48,0.136752,0.153846,15,20202021,32.41071,29.01785,Columbus Blue Jackets,29,2,,18,12,3,2020-2021
0.465723,56,189,3.375,145,2.58928,30,7,0.729729,0.70946,0.40178,45,0.109677,0.141935,19,20202021,31.01785,28.78571,New Jersey Devils,1,3,,19,15,0,2020-2021
0.510262,56,177,3.16071,124,2.21428,30,9,0.810975,0.798781,0.38392,43,0.04878,0.08943,15,20202021,30.57142,26.78571,Anaheim Ducks,24,4,,17,11,2,2020-2021
0.495905,56,196,3.5,134,2.39285,34,7,0.812949,0.776979,0.33035,37,0.174825,0.20979,11,20202021,33.73214,28.42857,Buffalo Sabres,7,0,,15,11,4,2020-2021
0.509695,70,167,2.38571,227,3.24285,14,12,0.86574,0.842593,0.71428,100,0.221238,0.252212,44,20192020,30.04285,32.1,Boston Bruins,6,8,,44,38,0,2019-2020
0.515671,71,190,2.67605,223,3.14084,19,10,0.817733,0.793104,0.66197,94,0.212871,0.242574,40,20192020,29.57746,30.69014,St. Louis Blues,19,5,,42,33,2,2019-2020
0.505208,70,194,2.77142,243,3.47142,21,6,0.839826,0.813853,0.65714,92,0.198113,0.231132,41,20192020,30.92857,31.08571,Tampa Bay Lightning,14,4,,43,35,2,2019-2020
0.49597,70,190,2.71428,236,3.37142,20,8,0.85238,0.814286,0.65714,92,0.165975,0.190871,41,20192020,31.32857,32.24285,Colorado Avalanche,21,4,,42,37,1,2019-2020
0.483135,69,212,3.07246,236,3.42028,20,8,0.850622,0.825727,0.65217,90,0.152777,0.194444,37,20192020,30.20289,31.97101,Washington Capitals,15,1,,41,31,4,2019-2020
0.546029,69,191,2.76811,227,3.28985,21,7,0.856459,0.818182,0.64492,89,0.181415,0.207964,36,20192020,28.65217,31.3913,Philadelphia Flyers,4,3,,41,31,5,2019-2020
0.488676,69,196,2.84057,221,3.20289,23,6,0.852631,0.821053,0.62318,86,0.175355,0.199052,37,20192020,29.72463,31.94202,Pittsburgh Penguins,5,4,,40,29,3,2019-2020
0.500118,71,209,2.94366,224,3.15492,24,8,0.808411,0.766356,0.60563,86,0.204188,0.219895,36,20192020,29.32394,34.50704,Vegas Golden Knights,54,6,,39,30,3,2019-2020
0.489821,71,215,3.02816,223,3.14084,25,9,0.859296,0.844222,0.5845,83,0.245,0.295,35,20192020,32.02816,29.57746,Edmonton Oilers,22,2,,37,31,2,2019-2020
0.518277,69,174,2.52173,178,2.57971,24,8,0.820276,0.797236,0.5942,82,0.190954,0.211055,35,20192020,31.55072,30.62318,Dallas Stars,25,2,,37,26,2,2019-2020
0.505402,68,193,2.83823,217,3.19117,25,5,0.880658,0.839507,0.59558,81,0.203883,0.2233,33,20192020,29.32352,33.25,Carolina Hurricanes,12,6,,38,27,5,2019-2020
0.524974,70,222,3.17142,237,3.38571,25,9,0.803108,0.777203,0.57857,81,0.194871,0.230769,35,20192020,31.9,32.88571,Toronto Maple Leafs,10,4,,36,28,1,2019-2020
0.484934,70,183,2.61428,180,2.57142,22,15,0.834319,0.816569,0.57857,81,0.137566,0.164021,33,20192020,29.88571,32.45714,Columbus Blue Jackets,29,7,,33,25,0,2019-2020
0.500881,71,201,2.83098,213,3.0,28,6,0.810344,0.775863,0.56338,80,0.190243,0.204878,34,20192020,32.60563,31.29577,Winnipeg Jets,52,6,,37,30,3,2019-2020
0.498479,68,190,2.79411,189,2.77941,23,10,0.840909,0.806819,0.58823,80,0.142857,0.172619,32,20192020,31.22058,29.64705,New York Islanders,2,3,,35,24,3,2019-2020
0.46582,70,220,3.14285,233,3.32857,28,5,0.808695,0.773914,0.56428,79,0.202643,0.229074,36,20192020,34.01428,31.07142,New York Rangers,3,3,,37,31,1,2019-2020
0.490776,70,214,3.05714,204,2.91428,27,7,0.85204,0.821429,0.56428,79,0.165803,0.212435,30,20192020,32.44285,31.6,Calgary Flames,20,4,,36,25,6,2019-2020
0.540419,69,214,3.10144,224,3.24637,27,6,0.827906,0.804652,0.56521,78,0.224576,0.241525,32,20192020,33.28985,31.20289,Vancouver Canucks,23,2,,36,27,4,2019-2020
0.522643,69,214,3.10144,212,3.07246,26,8,0.788732,0.760564,0.56521,78,0.137168,0.172566,32,20192020,31.26086,33.14492,Nashville Predators,18,7,,35,28,3,2019-2020
0.502871,69,224,3.24637,228,3.30434,26,8,0.806451,0.784947,0.56521,78,0.189573,0.21327,32,20192020,32.27536,32.65217,Florida Panthers,13,2,,35,30,3,2019-2020
0.484312,69,217,3.14492,218,3.15942,27,7,0.786407,0.771845,0.55797,77,0.185185,0.212962,33,20192020,30.65217,30.10144,Minnesota Wild,30,6,,35,30,2,2019-2020
0.49121,70,183,2.61428,190,2.71428,29,8,0.852791,0.827412,0.52857,74,0.168224,0.191588,28,20192020,32.42857,31.71428,Arizona Coyotes,53,4,,33,26,5,2019-2020
0.499364,70,214,3.05714,208,2.97142,30,8,0.850241,0.821257,0.51428,72,0.115207,0.152073,28,20192020,35.11428,31.81428,Chicago Blackhawks,16,1,,32,23,4,2019-2020
0.504353,71,220,3.09859,208,2.92957,31,9,0.815165,0.78673,0.5,71,0.150537,0.177419,27,20192020,31.09859,34.11267,Montréal Canadiens,8,4,,31,19,4,2019-2020
0.458553,69,215,3.11594,193,2.7971,31,8,0.772972,0.745946,0.49275,68,0.132653,0.188775,28,20192020,31.13043,29.28985,Buffalo Sabres,7,3,,30,22,2,2019-2020
0.468421,69,224,3.24637,185,2.68115,29,12,0.864253,0.82353,0.49275,68,0.136752,0.179487,24,20192020,32.69565,30.68115,New Jersey Devils,1,4,,28,22,4,2019-2020
0.505329,71,225,3.16901,182,2.56338,33,9,0.816901,0.769954,0.47183,67,0.119565,0.146739,24,20192020,32.14084,29.66197,Anaheim Ducks,24,1,,29,20,5,2019-2020
0.508004,70,209,2.98571,177,2.52857,35,6,0.8,0.773685,0.45714,64,0.165803,0.170984,28,20192020,29.7,33.21428,Los Angeles Kings,26,1,,29,21,1,2019-2020
0.489389,70,225,3.21428,180,2.57142,36,5,0.888392,0.857143,0.45,63,0.142857,0.174603,27,20192020,30.57142,30.01428,San Jose Sharks,28,2,,29,22,2,2019-2020
0.502593,71,238,3.35211,190,2.67605,34,12,0.826086,0.76087,0.43661,62,0.113744,0.14218,24,20192020,33.57746,30.61971,Ottawa Senators,9,0,,25,18,1,2019-2020
0.494696,71,265,3.73239,142,2.0,49,5,0.761061,0.743363,0.27464,39,0.088372,0.148837,14,20192020,32.80281,27.09859,Detroit Red Wings,17,1,,17,13,3,2019-2020
0.512091,82,221,2.69512,319,3.89024,16,4,0.895131,0.850188,0.78048,128,0.270992,0.282442,56,20182019,32.10975,31.95121,Tampa Bay Lightning,14,6,,62,49,6,2018-2019
0.523659,82,223,2.71951,289,3.52439,25,7,0.869918,0.796748,0.65243,107,0.167272,0.192727,50,20182019,28.07317,32.39024,Calgary Flames,20,3,,50,45,0,2018-2019
0.507231,82,212,2.58536,257,3.13414,24,9,0.827868,0.799181,0.65243,107,0.199203,0.258964,47,20182019,29.46341,32.68292,Boston Bruins,6,9,,49,38,2,2018-2019
0.457336,82,248,3.02439,274,3.34146,26,8,0.808429,0.789273,0.63414,104,0.18644,0.207627,44,20182019,31.51219,30.39024,Washington Capitals,15,4,,48,39,4,2018-2019
0.474424,82,191,2.32926,223,2.71951,27,7,0.826484,0.799087,0.62804,103,0.140969,0.145374,43,20182019,30.90243,28.78048,New York Islanders,2,11,,48,37,5,2018-2019
0.503176,82,258,3.14634,289,3.52439,27,9,0.846153,0.807693,0.61585,101,0.19917,0.236514,46,20182019,28.32926,33.02439,San Jose Sharks,28,5,,46,38,0,2018-2019
0.51544,82,212,2.58536,236,2.87804,29,6,0.852589,0.820718,0.60975,100,0.098039,0.129411,43,20182019,29.9878,32.65853,Nashville Predators,18,7,,47,38,4,2018-2019
0.530147,82,249,3.03658,286,3.4878,28,8,0.823529,0.79902,0.60975,100,0.175355,0.218009,46,20182019,33.13414,33.36585,Toronto Maple Leafs,10,3,,46,40,0,2018-2019
0.505704,82,238,2.90243,271,3.30487,26,12,0.851351,0.797298,0.60975,100,0.179824,0.245614,42,20182019,33.28048,33.30487,Pittsburgh Penguins,5,7,,44,37,2,2018-2019
0.506995,82,243,2.96341,270,3.29268,30,5,0.832,0.792,0.60365,99,0.22,0.248,45,20182019,33.42682,31.18292,Winnipeg Jets,52,3,,47,38,2,2018-2019
0.490338,82,221,2.69512,243,2.96341,29,7,0.849372,0.8159,0.60365,99,0.145748,0.178137,44,20182019,28.57317,34.41463,Carolina Hurricanes,12,6,,46,39,2,2018-2019
0.51395,82,220,2.68292,244,2.9756,28,9,0.836206,0.814656,0.60365,99,0.181434,0.21097,42,20182019,28.59756,31.75609,St. Louis Blues,19,9,,45,36,3,2018-2019
0.502477,82,231,2.81707,256,3.12195,31,4,0.89,0.85,0.59756,98,0.126696,0.153846,45,20182019,29.4878,31.60975,Columbus Blue Jackets,29,9,,47,37,2,2018-2019
0.49412,82,236,2.87804,246,3.0,30,8,0.829875,0.809129,0.58536,96,0.115384,0.132478,41,20182019,31.07317,34.09756,Montréal Canadiens,8,4,,44,37,3,2018-2019
0.518769,82,200,2.43902,209,2.54878,32,7,0.844537,0.827732,0.56707,93,0.200934,0.21028,42,20182019,31.59756,30.71951,Dallas Stars,25,10,,43,36,1,2018-2019
0.50396,82,228,2.78048,246,3.0,32,7,0.856521,0.808696,0.56707,93,0.159482,0.168103,40,20182019,29.25609,34.31707,Vegas Golden Knights,54,9,,43,36,3,2018-2019
0.48123,82,244,2.9756,258,3.14634,30,14,0.819852,0.786765,0.54878,90,0.202797,0.220279,36,20182019,31.93902,32.63414,Colorado Avalanche,21,5,,38,33,2,2018-2019
0.478829,82,220,2.68292,209,2.54878,35,8,0.920353,0.849558,0.52439,86,0.127906,0.16279,35,20182019,30.81707,30.7439,Arizona Coyotes,53,6,,39,30,4,2018-2019
0.498225,82,273,3.32926,264,3.21951,32,14,0.826086,0.813044,0.52439,86,0.21933,0.267657,33,20182019,30.68292,32.9878,Florida Panthers,13,1,,36,26,3,2018-2019
0.494957,82,291,3.54878,267,3.25609,34,12,0.753246,0.727273,0.51219,84,0.172268,0.20168,33,20182019,34.78048,32.54878,Chicago Blackhawks,16,2,,36,24,3,2018-2019
0.493735,82,233,2.84146,210,2.56097,36,9,0.8375,0.816667,0.50609,83,0.186721,0.203319,36,20182019,29.5,31.30487,Minnesota Wild,30,2,,37,33,1,2018-2019
0.547322,82,280,3.41463,241,2.93902,37,8,0.801687,0.784811,0.5,82,0.123931,0.17094,34,20182019,32.5,31.5,Philadelphia Flyers,4,3,,37,28,3,2018-2019
0.494955,82,248,3.02439,219,2.67073,36,11,0.838582,0.811024,0.4939,81,0.139442,0.171314,29,20182019,31.67073,29.67073,Vancouver Canucks,23,1,,35,22,6,2018-2019
0.513403,82,248,3.02439,196,2.39024,37,10,0.815498,0.797048,0.4878,80,0.122641,0.169811,32,20182019,33.2317,27.69512,Anaheim Ducks,24,4,,35,27,3,2018-2019
0.483783,82,271,3.30487,229,2.79268,38,9,0.788617,0.747968,0.4817,79,0.18018,0.211711,32,20182019,31.69512,29.17073,Edmonton Oilers,22,5,,35,24,3,2018-2019
0.469225,82,267,3.25609,221,2.69512,36,14,0.80827,0.781955,0.4756,78,0.176211,0.193832,26,20182019,33.82926,29.18292,New York Rangers,3,2,,32,23,6,2018-2019
0.479064,82,268,3.26829,221,2.69512,39,10,0.823255,0.809303,0.46341,76,0.156779,0.194915,28,20182019,32.9756,32.89024,Buffalo Sabres,7,2,,33,21,5,2018-2019
0.50771,82,272,3.31707,224,2.7317,40,10,0.8,0.771429,0.45121,74,0.148148,0.180555,29,20182019,33.67073,29.19512,Detroit Red Wings,17,2,,32,20,3,2018-2019
0.493469,82,271,3.30487,219,2.67073,41,10,0.882352,0.843138,0.43902,72,0.137795,0.177165,28,20182019,31.60975,30.34146,New Jersey Devils,1,6,,31,24,3,2018-2019
0.504606,82,259,3.15853,199,2.42682,42,9,0.782608,0.765218,0.43292,71,0.099547,0.158371,28,20182019,31.43902,28.75609,Los Angeles Kings,26,5,,31,22,3,2018-2019
0.495742,82,301,3.67073,242,2.95121,47,6,0.810185,0.791667,0.39024,64,0.168141,0.203539,29,20182019,35.7439,29.62195,Ottawa Senators,9,4,,29,23,0,2018-2019
0.53301,82,204,2.4878,261,3.18292,18,11,0.852842,0.819398,0.71341,117,0.194139,0.212454,47,20172018,32.42682,32.20731,Nashville Predators,18,11,,53,42,6,2017-2018
0.524035,82,216,2.63414,273,3.32926,20,10,0.850364,0.817519,0.69512,114,0.208029,0.233576,48,20172018,31.86585,32.2317,Winnipeg Jets,52,7,,52,43,4,2017-2018
0.48222,82,234,2.85365,290,3.53658,23,5,0.794776,0.761195,0.68902,113,0.22826,0.23913,48,20172018,32.71951,32.68292,Tampa Bay Lightning,14,8,,54,42,6,2017-2018
0.507483,82,211,2.57317,267,3.25609,20,12,0.873469,0.836735,0.68292,112,0.196911,0.235521,47,20172018,29.25609,32.96341,Boston Bruins,6,4,,50,41,3,2017-2018
0.489071,82,225,2.7439,268,3.26829,24,7,0.848101,0.814346,0.66463,109,0.189516,0.209677,47,20172018,30.7439,32.75609,Vegas Golden Knights,54,5,,51,39,4,2017-2018
0.504086,82,238,2.90243,256,3.12195,26,7,0.817843,0.802974,0.64024,105,0.192622,0.225409,46,20172018,31.86585,29.01219,Washington Capitals,15,3,,49,38,3,2017-2018
0.518218,82,230,2.80487,270,3.29268,26,7,0.831168,0.813853,0.64024,105,0.227678,0.25,42,20172018,33.85365,32.19512,Toronto Maple Leafs,10,8,,49,37,7,2017-2018
0.49804,82,229,2.79268,250,3.04878,26,11,0.838235,0.8125,0.61585,101,0.179166,0.204166,42,20172018,31.32926,30.19512,Minnesota Wild,30,6,,45,38,3,2017-2018
0.512615,82,209,2.54878,231,2.81707,25,13,0.868613,0.832117,0.61585,101,0.158878,0.17757,40,20172018,33.12195,30.18292,Anaheim Ducks,24,9,,44,35,4,2017-2018
0.50254,82,248,3.02439,270,3.29268,29,6,0.822641,0.8,0.60975,100,0.25,0.261538,45,20172018,31.13414,34.42682,Pittsburgh Penguins,5,4,,47,33,2,2017-2018
0.512522,82,226,2.75609,247,3.01219,27,10,0.883928,0.848215,0.60975,100,0.194552,0.206225,40,20172018,30.34146,32.95121,San Jose Sharks,28,6,,45,35,5,2017-2018
0.497338,82,202,2.46341,237,2.89024,29,8,0.86923,0.85,0.59756,98,0.1875,0.204166,43,20172018,30.93902,31.02439,Los Angeles Kings,26,8,,45,34,2,2017-2018
0.532626,82,236,2.87804,249,3.03658,26,14,0.7713,0.757848,0.59756,98,0.168582,0.206896,40,20172018,29.85365,32.08536,Philadelphia Flyers,4,3,,42,31,2,2017-2018
0.484066,82,226,2.75609,236,2.87804,30,7,0.780373,0.761683,0.59146,97,0.140969,0.171806,39,20172018,31.30487,33.67073,Columbus Blue Jackets,29,5,,45,30,6,2017-2018
0.469877,82,240,2.92682,243,2.96341,29,9,0.864341,0.81783,0.59146,97,0.190476,0.214285,39,20172018,31.90243,31.69512,New Jersey Devils,1,2,,44,33,5,2017-2018
0.507448,82,243,2.96341,245,2.9878,30,8,0.845814,0.801763,0.58536,96,0.168674,0.188755,41,20172018,34.60975,34.41463,Florida Panthers,13,7,,44,38,3,2017-2018
0.442212,82,236,2.87804,255,3.10975,30,9,0.858736,0.832714,0.57926,95,0.175675,0.219594,41,20172018,33.30487,29.65853,Colorado Avalanche,21,5,,43,35,2,2017-2018
0.506002,82,222,2.70731,223,2.71951,32,6,0.818181,0.796537,0.57317,94,0.117886,0.154471,41,20172018,29.7317,32.64634,St. Louis Blues,19,4,,44,33,3,2017-2018
0.525077,82,222,2.70731,231,2.81707,32,8,0.83274,0.80783,0.56097,92,0.151639,0.192622,38,20172018,29.84146,31.21951,Dallas Stars,25,6,,42,33,4,2017-2018
0.49367,82,243,2.96341,216,2.63414,35,10,0.843866,0.817844,0.51219,84,0.133828,0.159851,35,20172018,31.14634,33.64634,Calgary Flames,20,3,,37,28,2,2017-2018
0.540641,82,253,3.08536,225,2.7439,35,11,0.790575,0.77487,0.50609,83,0.158995,0.1841,33,20172018,28.86585,33.90243,Carolina Hurricanes,12,2,,36,30,3,2017-2018
0.488717,82,293,3.57317,261,3.18292,37,10,0.753191,0.731915,0.4878,80,0.188,0.232,32,20172018,35.58536,31.36585,New York Islanders,2,2,,35,25,3,2017-2018
0.486882,82,262,3.19512,229,2.79268,40,6,0.812244,0.767347,0.4756,78,0.123809,0.147619,31,20172018,32.12195,33.41463,Edmonton Oilers,22,1,,36,24,5,2017-2018
0.492765,82,263,3.20731,228,2.78048,39,9,0.834008,0.813766,0.46951,77,0.190871,0.211618,31,20172018,35.34146,30.95121,New York Rangers,3,3,,34,24,3,2017-2018
0.492528,82,254,3.09756,228,2.78048,39,10,0.812765,0.79149,0.46341,76,0.133828,0.159851,32,20172018,32.89024,34.06097,Chicago Blackhawks,16,2,,33,26,1,2017-2018
0.495205,82,259,3.15853,218,2.65853,40,11,0.807971,0.782609,0.44512,73,0.174089,0.214574,31,20172018,32.20731,30.04878,Vancouver Canucks,23,4,,31,25,0,2017-2018
0.48852,82,254,3.09756,212,2.58536,39,13,0.810077,0.775194,0.44512,73,0.153846,0.175213,25,20172018,31.86585,30.36585,Detroit Red Wings,17,4,,30,22,5,2017-2018
0.475481,82,258,3.14634,207,2.52439,40,13,0.76806,0.741445,0.43292,71,0.187755,0.212244,27,20172018,32.31707,32.76829,Montréal Canadiens,8,4,,29,24,2,2017-2018
0.477397,82,251,3.06097,206,2.51219,41,12,0.808888,0.8,0.42682,70,0.127572,0.168724,27,20172018,32.21951,29.87804,Arizona Coyotes,53,5,,29,20,2,2017-2018
0.502918,82,284,3.46341,219,2.67073,43,11,0.778723,0.761703,0.40853,67,0.1417,0.165991,26,20172018,33.07317,30.67073,Ottawa Senators,9,2,,28,18,2,2017-2018
0.515323,82,278,3.39024,198,2.41463,45,12,0.817021,0.778724,0.37804,62,0.15175,0.190661,24,20172018,32.69512,31.18292,Buffalo Sabres,7,3,,25,19,1,2017-2018
0.498432,82,177,2.15853,261,3.18292,19,8,0.856617,0.838236,0.71951,118,0.218623,0.230769,53,20162017,27.82926,30.42682,Washington Capitals,15,12,,55,45,2,2016-2017
0.475746,82,229,2.79268,278,3.39024,21,11,0.81712,0.797666,0.67682,111,0.203846,0.230769,46,20162017,32.57317,33.4756,Pittsburgh Penguins,5,5,,50,40,4,2016-2017
0.474734,82,212,2.58536,240,2.92682,23,9,0.78199,0.777252,0.66463,109,0.150214,0.180257,46,20162017,31.39024,30.58536,Chicago Blackhawks,16,4,,50,37,4,2016-2017
0.486333,82,193,2.35365,247,3.01219,24,8,0.869955,0.825113,0.65853,108,0.189573,0.199052,48,20162017,30.35365,30.9756,Columbus Blue Jackets,29,8,,50,39,2,2016-2017
0.519454,82,206,2.51219,263,3.20731,25,8,0.852534,0.829494,0.64634,106,0.196428,0.209821,46,20162017,30.06097,30.81707,Minnesota Wild,30,5,,49,42,3,2016-2017
0.546916,82,197,2.40243,220,2.68292,23,13,0.879003,0.846976,0.64024,105,0.159362,0.18725,43,20162017,29.62195,29.57317,Anaheim Ducks,24,8,,46,40,3,2016-2017
0.5033,82,198,2.41463,223,2.71951,26,9,0.831325,0.811245,0.62804,103,0.170305,0.196506,44,20162017,29.62195,29.9878,Montréal Canadiens,8,5,,47,33,3,2016-2017
0.470371,82,207,2.52439,243,2.96341,26,9,0.825112,0.807175,0.62804,103,0.208163,0.228571,43,20162017,29.46341,31.06097,Edmonton Oilers,22,7,,47,37,4,2016-2017
0.483758,82,216,2.63414,253,3.08536,28,6,0.838565,0.798207,0.62195,102,0.180257,0.201716,45,20162017,30.06097,29.7317,New York Rangers,3,7,,48,40,3,2016-2017
0.502784,82,216,2.63414,233,2.84146,29,7,0.859315,0.847909,0.60365,99,0.191489,0.212765,44,20162017,28.37804,28.41463,St. Louis Blues,19,8,,46,38,2,2016-2017
0.481365,82,200,2.43902,219,2.67073,29,7,0.839622,0.806604,0.60365,99,0.142276,0.166666,44,20162017,27.67073,29.91463,San Jose Sharks,28,3,,46,38,2,2016-2017
0.509698,82,210,2.56097,206,2.51219,28,10,0.825203,0.796748,0.59756,98,0.158102,0.16996,38,20162017,30.08536,30.03658,Ottawa Senators,9,10,,44,34,6,2016-2017
0.532408,82,209,2.54878,232,2.82926,31,7,0.894339,0.856604,0.57926,95,0.192622,0.217213,42,20162017,26.75609,33.18292,Boston Bruins,6,8,,44,38,2,2016-2017
0.498715,82,234,2.85365,250,3.04878,27,15,0.848605,0.824702,0.57926,95,0.209016,0.237704,39,20162017,32.59756,31.91463,Toronto Maple Leafs,10,5,,40,33,1,2016-2017
0.489336,82,219,2.67073,222,2.70731,33,4,0.844765,0.815885,0.57317,94,0.182879,0.202334,41,20162017,28.70731,29.12195,Calgary Flames,20,5,,45,32,4,2016-2017
0.476629,82,224,2.7317,230,2.80487,30,10,0.829457,0.813954,0.57317,94,0.198529,0.227941,38,20162017,30.39024,29.90243,Tampa Bay Lightning,14,3,,42,32,4,2016-2017
0.514449,82,220,2.68292,238,2.90243,29,12,0.858921,0.809129,0.57317,94,0.166023,0.189189,39,20162017,30.14634,31.18292,Nashville Predators,18,4,,41,35,2,2016-2017
0.476903,82,238,2.90243,239,2.91463,29,12,0.841409,0.819384,0.57317,94,0.119658,0.149572,39,20162017,31.90243,30.2439,New York Islanders,2,5,,41,33,2,2016-2017
0.52275,82,231,2.81707,212,2.58536,33,10,0.813765,0.797571,0.53658,88,0.162454,0.194945,32,20162017,28.46341,31.52439,Philadelphia Flyers,4,5,,39,25,7,2016-2017
0.485122,82,255,3.10975,246,3.0,35,7,0.810909,0.774546,0.53048,87,0.147727,0.181818,37,20162017,31.04878,29.85365,Winnipeg Jets,52,5,,40,33,3,2016-2017
0.53067,82,230,2.80487,212,2.58536,31,15,0.891089,0.841585,0.53048,87,0.151515,0.177489,33,20162017,28.29268,30.40243,Carolina Hurricanes,12,3,,36,28,3,2016-2017
0.507679,82,201,2.45121,199,2.42682,35,8,0.865853,0.845529,0.52439,86,0.178423,0.190871,37,20162017,25.85365,31.13414,Los Angeles Kings,26,9,,39,25,2,2016-2017
0.479292,82,231,2.81707,205,2.5,36,11,0.885714,0.853062,0.4939,81,0.139622,0.169811,30,20162017,31.64634,32.2439,Florida Panthers,13,4,,35,23,5,2016-2017
0.499119,82,260,3.17073,222,2.70731,37,11,0.759036,0.738956,0.4817,79,0.136186,0.178988,33,20162017,29.7439,30.54878,Dallas Stars,25,3,,34,28,1,2016-2017
0.518731,82,244,2.9756,198,2.41463,36,13,0.821276,0.808511,0.4817,79,0.115079,0.150793,24,20162017,30.57317,28.4756,Detroit Red Wings,17,4,,33,17,9,2016-2017
0.496043,82,231,2.81707,199,2.42682,37,12,0.789029,0.776372,0.4756,78,0.227467,0.244635,31,20162017,34.30487,30.37804,Buffalo Sabres,7,3,,33,25,2,2016-2017
0.48,82,258,3.14634,191,2.32926,42,10,0.803846,0.773077,0.42682,70,0.131914,0.161702,24,20162017,34.10975,27.81707,Arizona Coyotes,53,3,,30,20,6,2016-2017
0.492276,82,241,2.93902,180,2.19512,40,14,0.81923,0.796154,0.42682,70,0.12749,0.175298,25,20162017,31.36585,27.79268,New Jersey Devils,1,3,,28,18,3,2016-2017
0.511491,82,241,2.93902,178,2.17073,43,9,0.775784,0.766817,0.42073,69,0.114537,0.140969,26,20162017,31.76829,27.71951,Vancouver Canucks,23,3,,30,19,4,2016-2017
0.536172,82,276,3.36585,165,2.01219,56,4,0.784671,0.766424,0.29268,48,0.117154,0.125523,21,20162017,31.7439,28.08536,Colorado Avalanche,21,3,,22,14,1,2016-2017
